url_path,views_total,views_unique
/twentyTwo/vsc-ext-coding-time-tracker,53,34
/twentyTwo/vsc-ext-coding-time-tracker/issues/14,8,7
/twentyTwo/vsc-ext-coding-time-tracker/issues,8,1
/twentyTwo/vsc-ext-coding-time-tracker/tree/main/src,6,5
/twentyTwo/vsc-ext-coding-time-tracker/pulls,6,3
/twentyTwo/vsc-ext-coding-time-tracker/blob/main/src/database.ts,5,4
/twentyTwo/vsc-ext-coding-time-tracker/wiki/Time-Tracking,5,4
/twentyTwo/vsc-ext-coding-time-tracker/issues/77,4,3
/twentyTwo/vsc-ext-coding-time-tracker/wiki,4,3
/twentyTwo/vsc-ext-coding-time-tracker/issues/78,3,3
